[
  {
    "value": "A",
    "synonyms": [
      "a"
    ]
  },
  {
    "value": "B",
    "synonyms": [
      "b"
    ]
  },
  {
    "value": "C",
    "synonyms": [
      "c"
    ]
  },
  {
    "value": "D",
    "synonyms": [
      "d"
    ]
  },
  {
    "value": "E",
    "synonyms": [
      "E"
    ]
  },
  {
    "value": "F",
    "synonyms": [
      "F"
    ]
  },
  {
    "value": "G",
    "synonyms": [
      "G"
    ]
  },
  {
    "value": "GA",
    "synonyms": [
      "GA"
    ]
  },
  {
    "value": "H",
    "synonyms": [
      "H"
    ]
  },
  {
    "value": "J",
    "synonyms": [
      "J"
    ]
  },
  {
    "value": "KA",
    "synonyms": [
      "KA"
    ]
  },
  {
    "value": "L",
    "synonyms": [
      "L"
    ]
  },
  {
    "value": "M",
    "synonyms": [
      "M"
    ]
  },
  {
    "value": "N",
    "synonyms": [
      "N"
    ]
  },
  {
    "value": "P",
    "synonyms": [
      "P"
    ]
  },
  {
    "value": "PR",
    "synonyms": [
      "PR"
    ]
  },
  {
    "value": "Q",
    "synonyms": [
      "Q"
    ]
  },
  {
    "value": "QA",
    "synonyms": [
      "QA"
    ]
  },
  {
    "value": "R",
    "synonyms": [
      "R"
    ]
  },
  {
    "value": "S",
    "synonyms": [
      "S"
    ]
  },
  {
    "value": "T",
    "synonyms": [
      "T"
    ]
  },
  {
    "value": "U",
    "synonyms": [
      "U"
    ]
  },
  {
    "value": "VA",
    "synonyms": [
      "VA"
    ]
  },
  {
    "value": "VB",
    "synonyms": [
      "VB"
    ]
  },
  {
    "value": "V1",
    "synonyms": [
      "V1"
    ]
  },
  {
    "value": "V2",
    "synonyms": [
      "V2"
    ]
  }
]