[
  {
    "value": "XG21",
    "synonyms": [
      "XG21"
    ]
  },
  {
    "value": "HG05",
    "synonyms": [
      "HG05"
    ]
  },
  {
    "value": "HG06",
    "synonyms": [
      "HG06"
    ]
  },
  {
    "value": "HG07",
    "synonyms": [
      "HG07"
    ]
  },
  {
    "value": "HG08",
    "synonyms": [
      "HG08"
    ]
  },
  {
    "value": "HG09",
    "synonyms": [
      "HG09"
    ]
  },
  {
    "value": "HG10",
    "synonyms": [
      "HG10"
    ]
  },
  {
    "value": "HG11",
    "synonyms": [
      "HG11"
    ]
  },
  {
    "value": "HG12",
    "synonyms": [
      "HG12"
    ]
  },
  {
    "value": "HG13",
    "synonyms": [
      "HG13"
    ]
  },
  {
    "value": "HG17",
    "synonyms": [
      "HG17"
    ]
  },
  {
    "value": "HG18",
    "synonyms": [
      "HG18"
    ]
  },
  {
    "value": "HG19",
    "synonyms": [
      "HG19"
    ]
  },
  {
    "value": "HG20",
    "synonyms": [
      "HG20"
    ]
  },
  {
    "value": "HG22",
    "synonyms": [
      "HG22"
    ]
  },
  {
    "value": "HG23",
    "synonyms": [
      "HG23"
    ]
  },
  {
    "value": "H136",
    "synonyms": [
      "H136"
    ]
  },
  {
    "value": "H137",
    "synonyms": [
      "H137"
    ]
  },
  {
    "value": "H138",
    "synonyms": [
      "H138"
    ]
  },
  {
    "value": "H139",
    "synonyms": [
      "H139"
    ]
  },
  {
    "value": "H124",
    "synonyms": [
      "H124"
    ]
  },
  {
    "value": "H125",
    "synonyms": [
      "H125"
    ]
  },
  {
    "value": "H135",
    "synonyms": [
      "H135"
    ]
  },
  {
    "value": "H134",
    "synonyms": [
      "H134"
    ]
  },
  {
    "value": "HG50",
    "synonyms": [
      "HG50"
    ]
  }
]