[
  {
    "id": "4e14e2ab-9ae8-41a3-bb31-d5e3c0c72189",
    "data": [
      {
        "text": "what is A",
        "userDefined": false
      }
    ],
    "isTemplate": false,
    "count": 0,
    "updated": 0
  },
  {
    "id": "8be6cbd1-fed9-492e-b3a1-0a275ce9a0f5",
    "data": [
      {
        "text": "what does A mean on the campus map",
        "userDefined": false
      }
    ],
    "isTemplate": false,
    "count": 0,
    "updated": 0
  },
  {
    "id": "6719326c-1ab5-4ef6-9c58-fc7e80243bd4",
    "data": [
      {
        "text": "what does A mean",
        "userDefined": false
      }
    ],
    "isTemplate": false,
    "count": 0,
    "updated": 0
  },
  {
    "id": "d2f48ba5-4118-442c-8fb3-36f77e9792ca",
    "data": [
      {
        "text": "A?",
        "userDefined": false
      }
    ],
    "isTemplate": false,
    "count": 0,
    "updated": 0
  },
  {
    "id": "88d92362-d33c-44da-b3ad-ecaacda4d608",
    "data": [
      {
        "text": "A",
        "userDefined": false
      }
    ],
    "isTemplate": false,
    "count": 0,
    "updated": 0
  },
  {
    "id": "bbbbbb5a-e27e-4de9-830f-18bcc342b9e7",
    "data": [
      {
        "text": "What is A?",
        "userDefined": false
      }
    ],
    "isTemplate": false,
    "count": 0,
    "updated": 0
  },
  {
    "id": "91718291-5aaf-4c29-8790-e8d14101e24d",
    "data": [
      {
        "text": "What does ",
        "userDefined": false
      },
      {
        "text": "A",
        "alias": "BuildingCode",
        "meta": "@BuildingCode",
        "userDefined": true
      },
      {
        "text": " mean on the campus map?",
        "userDefined": false
      }
    ],
    "isTemplate": false,
    "count": 0,
    "updated": 0
  },
  {
    "id": "0e6bc76b-0a0e-46a0-bb52-4de66973cf6d",
    "data": [
      {
        "text": "A",
        "alias": "BuildingCode",
        "meta": "@BuildingCode",
        "userDefined": true
      },
      {
        "text": " ?",
        "userDefined": false
      }
    ],
    "isTemplate": false,
    "count": 0,
    "updated": 0
  },
  {
    "id": "77f92ca4-ba95-4513-bb35-563470daf95d",
    "data": [
      {
        "text": "What does ",
        "userDefined": false
      },
      {
        "text": "A",
        "alias": "BuildingCode",
        "meta": "@BuildingCode",
        "userDefined": true
      },
      {
        "text": " mean?",
        "userDefined": false
      }
    ],
    "isTemplate": false,
    "count": 0,
    "updated": 0
  }
]