[
  {
    "id": "fbd27b2b-0ca8-4627-8218-0f8dd6dee698",
    "data": [
      {
        "text": "What does B on the campus map mean",
        "userDefined": false
      }
    ],
    "isTemplate": false,
    "count": 0,
    "updated": 0
  },
  {
    "id": "cbab5dcb-debf-4b1a-a006-376879cfc901",
    "data": [
      {
        "text": "What is B",
        "userDefined": false
      }
    ],
    "isTemplate": false,
    "count": 0,
    "updated": 0
  },
  {
    "id": "9cec735d-4581-402b-9259-4e23f8974733",
    "data": [
      {
        "text": "What does B mean",
        "userDefined": false
      }
    ],
    "isTemplate": false,
    "count": 0,
    "updated": 0
  },
  {
    "id": "2f9c98f2-424c-4a0a-b026-21d749a86b69",
    "data": [
      {
        "text": "B",
        "userDefined": false
      }
    ],
    "isTemplate": false,
    "count": 0,
    "updated": 0
  },
  {
    "id": "311754bc-afec-48b0-b333-00234cdebd3e",
    "data": [
      {
        "text": "What does ",
        "userDefined": false
      },
      {
        "text": "B",
        "alias": "BuildingCode",
        "meta": "@BuildingCode",
        "userDefined": true
      },
      {
        "text": " on the campus map mean?",
        "userDefined": false
      }
    ],
    "isTemplate": false,
    "count": 0,
    "updated": 0
  },
  {
    "id": "72d9082b-6e4f-4c6a-9847-705fc15d3a03",
    "data": [
      {
        "text": "What is ",
        "userDefined": false
      },
      {
        "text": "B",
        "alias": "BuildingCode",
        "meta": "@BuildingCode",
        "userDefined": true
      },
      {
        "text": "?",
        "userDefined": false
      }
    ],
    "isTemplate": false,
    "count": 0,
    "updated": 0
  },
  {
    "id": "380e0e5f-6065-48b9-8080-916a8fe71e7f",
    "data": [
      {
        "text": "B",
        "alias": "BuildingCode",
        "meta": "@BuildingCode",
        "userDefined": true
      },
      {
        "text": "?",
        "userDefined": false
      }
    ],
    "isTemplate": false,
    "count": 0,
    "updated": 0
  },
  {
    "id": "9c17e435-2e78-4fd9-923a-3f0c01e83b62",
    "data": [
      {
        "text": "What does ",
        "userDefined": false
      },
      {
        "text": "B",
        "alias": "BuildingCode",
        "meta": "@BuildingCode",
        "userDefined": true
      },
      {
        "text": " mean?",
        "userDefined": false
      }
    ],
    "isTemplate": false,
    "count": 0,
    "updated": 0
  }
]