[
  {
    "id": "b71aa3a4-4181-43fa-ad9c-292d6d05bb31",
    "data": [
      {
        "text": "Can you help me with the letters on the campus map?",
        "userDefined": false
      }
    ],
    "isTemplate": false,
    "count": 0,
    "updated": 0
  },
  {
    "id": "0143d89b-9df3-4b27-be23-2afa170a72ae",
    "data": [
      {
        "text": "Can you help me with some of the building codes?",
        "userDefined": false
      }
    ],
    "isTemplate": false,
    "count": 0,
    "updated": 0
  },
  {
    "id": "df4ba9dd-dff0-43b6-be71-7fb548af8e48",
    "data": [
      {
        "text": "I dont understand the codes on the campus map",
        "userDefined": false
      }
    ],
    "isTemplate": false,
    "count": 0,
    "updated": 0
  }
]