[
  {
    "id": "62d2aac1-1b85-4b10-802f-a8ac9d791136",
    "data": [
      {
        "text": "what is C?",
        "userDefined": false
      }
    ],
    "isTemplate": false,
    "count": 0,
    "updated": 0
  },
  {
    "id": "38619bc8-758a-4bea-a14c-f76d3db622e3",
    "data": [
      {
        "text": "what does C mean on the campus map",
        "userDefined": false
      }
    ],
    "isTemplate": false,
    "count": 0,
    "updated": 0
  },
  {
    "id": "548f10f1-8aab-44cc-90f1-3aeaa6e21f83",
    "data": [
      {
        "text": "C",
        "userDefined": false
      }
    ],
    "isTemplate": false,
    "count": 0,
    "updated": 0
  },
  {
    "id": "24d2558f-e6a5-453f-a0c2-59a404d081da",
    "data": [
      {
        "text": "What does C mean",
        "userDefined": false
      }
    ],
    "isTemplate": false,
    "count": 0,
    "updated": 0
  },
  {
    "id": "12e97d30-1e03-4755-8f52-7bf3b0a0b45e",
    "data": [
      {
        "text": "what is C",
        "userDefined": false
      }
    ],
    "isTemplate": false,
    "count": 0,
    "updated": 0
  },
  {
    "id": "91fd5e9b-0a1c-4558-9904-10b88cd7d555",
    "data": [
      {
        "text": "what does ",
        "userDefined": false
      },
      {
        "text": "C",
        "alias": "BuildingCode",
        "meta": "@BuildingCode",
        "userDefined": true
      },
      {
        "text": " mean on the campus map?",
        "userDefined": false
      }
    ],
    "isTemplate": false,
    "count": 0,
    "updated": 0
  },
  {
    "id": "3bddc889-0806-472d-817e-5493e0580a46",
    "data": [
      {
        "text": "C",
        "alias": "BuildingCode",
        "meta": "@BuildingCode",
        "userDefined": true
      },
      {
        "text": "?",
        "userDefined": false
      }
    ],
    "isTemplate": false,
    "count": 0,
    "updated": 0
  },
  {
    "id": "e8b9a98b-085d-43bb-8e8a-1aec6bce9ac5",
    "data": [
      {
        "text": "What does ",
        "userDefined": false
      },
      {
        "text": "C",
        "alias": "BuildingCode",
        "meta": "@BuildingCode",
        "userDefined": true
      },
      {
        "text": " mean?",
        "userDefined": false
      }
    ],
    "isTemplate": false,
    "count": 0,
    "updated": 0
  }
]