[
  {
    "id": "a9c86c5e-9ce4-4be4-b61e-3ccdb021bd07",
    "data": [
      {
        "text": "D",
        "userDefined": false
      }
    ],
    "isTemplate": false,
    "count": 0,
    "updated": 0
  },
  {
    "id": "3d3e366d-b81f-48f2-89ba-5d554949cefa",
    "data": [
      {
        "text": "what is D",
        "userDefined": false
      }
    ],
    "isTemplate": false,
    "count": 0,
    "updated": 0
  },
  {
    "id": "44147acd-de7c-49d0-a0dc-79827f37aafc",
    "data": [
      {
        "text": "what does D mean",
        "userDefined": false
      }
    ],
    "isTemplate": false,
    "count": 0,
    "updated": 0
  },
  {
    "id": "e764f9a7-e78b-42c2-a317-2fc2f3aad9f9",
    "data": [
      {
        "text": "What is D on the campus map?",
        "userDefined": false
      }
    ],
    "isTemplate": false,
    "count": 0,
    "updated": 0
  },
  {
    "id": "dcb912e1-308b-48b6-85dc-ed03e175e8aa",
    "data": [
      {
        "text": "D",
        "alias": "BuildingCode",
        "meta": "@BuildingCode",
        "userDefined": true
      },
      {
        "text": "?",
        "userDefined": false
      }
    ],
    "isTemplate": false,
    "count": 0,
    "updated": 0
  },
  {
    "id": "e94c2628-57f3-4021-a7f4-d8482f3d3512",
    "data": [
      {
        "text": "What is ",
        "userDefined": false
      },
      {
        "text": "D",
        "alias": "BuildingCode",
        "meta": "@BuildingCode",
        "userDefined": true
      },
      {
        "text": "?",
        "userDefined": false
      }
    ],
    "isTemplate": false,
    "count": 0,
    "updated": 0
  },
  {
    "id": "9ca99599-e1ad-4e4b-8502-70b27a67a19c",
    "data": [
      {
        "text": "What does",
        "userDefined": false
      },
      {
        "text": " D",
        "alias": "BuildingCode",
        "meta": "@BuildingCode",
        "userDefined": true
      },
      {
        "text": " mean?",
        "userDefined": false
      }
    ],
    "isTemplate": false,
    "count": 0,
    "updated": 0
  }
]