[
  {
    "id": "28ade956-422d-4a5c-8458-dfbdd421c5c9",
    "data": [
      {
        "text": "E",
        "userDefined": false
      }
    ],
    "isTemplate": false,
    "count": 0,
    "updated": 0
  },
  {
    "id": "e607ea45-1c60-4cb1-a6fe-c759be660a4e",
    "data": [
      {
        "text": "what does E mean",
        "userDefined": false
      }
    ],
    "isTemplate": false,
    "count": 0,
    "updated": 0
  },
  {
    "id": "03699052-6c7b-4fed-9585-2a5df24ba535",
    "data": [
      {
        "text": "what does E mean on the campus map",
        "userDefined": false
      }
    ],
    "isTemplate": false,
    "count": 0,
    "updated": 0
  },
  {
    "id": "810efb94-b614-43a1-a044-eb5270cc0c91",
    "data": [
      {
        "text": "What is E",
        "userDefined": false
      }
    ],
    "isTemplate": false,
    "count": 0,
    "updated": 0
  },
  {
    "id": "e2f92cda-0464-4f2a-be5d-8207f856cf61",
    "data": [
      {
        "text": "what is E?",
        "userDefined": false
      }
    ],
    "isTemplate": false,
    "count": 0,
    "updated": 0
  },
  {
    "id": "b507e912-96b0-49ae-8e95-41b2d83d8bbc",
    "data": [
      {
        "text": "what does ",
        "userDefined": false
      },
      {
        "text": "E",
        "alias": "BuildingCode",
        "meta": "@BuildingCode",
        "userDefined": true
      },
      {
        "text": " mean on the campus map?",
        "userDefined": false
      }
    ],
    "isTemplate": false,
    "count": 0,
    "updated": 0
  },
  {
    "id": "d51c6f7f-a6a0-4631-9111-3c210c2ebf56",
    "data": [
      {
        "text": "E?",
        "userDefined": false
      }
    ],
    "isTemplate": false,
    "count": 0,
    "updated": 0
  },
  {
    "id": "87a0f290-3431-495a-9d8a-27f5d1469db2",
    "data": [
      {
        "text": "What does ",
        "userDefined": false
      },
      {
        "text": "E",
        "alias": "BuildingCode",
        "meta": "@BuildingCode",
        "userDefined": true
      },
      {
        "text": " mean?",
        "userDefined": false
      }
    ],
    "isTemplate": false,
    "count": 0,
    "updated": 0
  }
]