[
  {
    "id": "88dfd140-f78c-4c29-a52f-366ae4d096ad",
    "data": [
      {
        "text": "what is F",
        "userDefined": false
      }
    ],
    "isTemplate": false,
    "count": 1,
    "updated": 0
  },
  {
    "id": "712f6508-ba71-41c4-96be-b073cbbb3aed",
    "data": [
      {
        "text": "what does F mean",
        "userDefined": false
      }
    ],
    "isTemplate": false,
    "count": 0,
    "updated": 0
  },
  {
    "id": "5c8a1966-c8a0-4bb2-9b40-fa0b0ea6d833",
    "data": [
      {
        "text": "F",
        "userDefined": false
      }
    ],
    "isTemplate": false,
    "count": 0,
    "updated": 0
  },
  {
    "id": "5c5f1684-a336-4f3d-bb7c-a36599962e25",
    "data": [
      {
        "text": "what does F on the campus map mean",
        "userDefined": false
      }
    ],
    "isTemplate": false,
    "count": 0,
    "updated": 0
  },
  {
    "id": "953676e2-6388-419a-98c5-01bed311efbc",
    "data": [
      {
        "text": "what is F?",
        "userDefined": false
      }
    ],
    "isTemplate": false,
    "count": 0,
    "updated": 0
  },
  {
    "id": "375d9f8b-71bb-40be-b445-f89136545b12",
    "data": [
      {
        "text": "what does ",
        "userDefined": false
      },
      {
        "text": "F",
        "alias": "BuildingCode",
        "meta": "@BuildingCode",
        "userDefined": true
      },
      {
        "text": " on the campus map mean?",
        "userDefined": false
      }
    ],
    "isTemplate": false,
    "count": 0,
    "updated": 0
  },
  {
    "id": "8cdbc3d5-4c97-4f9a-9805-5672dad6cc8c",
    "data": [
      {
        "text": "what does",
        "userDefined": false
      },
      {
        "text": " F",
        "alias": "BuildingCode",
        "meta": "@BuildingCode",
        "userDefined": true
      },
      {
        "text": " mean?",
        "userDefined": false
      }
    ],
    "isTemplate": false,
    "count": 0,
    "updated": 0
  },
  {
    "id": "e86dff56-8202-4a1b-969b-08c6fdc9f367",
    "data": [
      {
        "text": "F",
        "alias": "BuildingCode",
        "meta": "@BuildingCode",
        "userDefined": true
      },
      {
        "text": "?",
        "userDefined": false
      }
    ],
    "isTemplate": false,
    "count": 0,
    "updated": 0
  }
]