[
  {
    "id": "5c055adc-0780-47de-82cd-4b8c8ad79f8e",
    "data": [
      {
        "text": "What does G on the campus map mean",
        "userDefined": false
      }
    ],
    "isTemplate": false,
    "count": 0,
    "updated": 0
  },
  {
    "id": "275fea62-628a-4ea3-a547-ba2f11ec8bad",
    "data": [
      {
        "text": "what is G",
        "userDefined": false
      }
    ],
    "isTemplate": false,
    "count": 0,
    "updated": 0
  },
  {
    "id": "fa8165aa-db3e-4340-a4dd-80a86b85d8a6",
    "data": [
      {
        "text": "What does G mean",
        "userDefined": false
      }
    ],
    "isTemplate": false,
    "count": 0,
    "updated": 0
  },
  {
    "id": "c5ec2e44-ec39-42a6-9cd9-f8d848e0fc38",
    "data": [
      {
        "text": "G",
        "userDefined": false
      }
    ],
    "isTemplate": false,
    "count": 0,
    "updated": 0
  },
  {
    "id": "b778d38c-99c7-41ed-a0d3-a139bfd4297c",
    "data": [
      {
        "text": "What is G?",
        "userDefined": false
      }
    ],
    "isTemplate": false,
    "count": 0,
    "updated": 0
  },
  {
    "id": "6b72b6f3-f8da-447c-b4dc-2192bd09d2d8",
    "data": [
      {
        "text": "What does G on the campus map mean?",
        "userDefined": false
      }
    ],
    "isTemplate": false,
    "count": 0,
    "updated": 0
  },
  {
    "id": "9748247d-6e99-4173-a6aa-09066630314c",
    "data": [
      {
        "text": "What does ",
        "userDefined": false
      },
      {
        "text": "G",
        "alias": "BuildingCode",
        "meta": "@BuildingCode",
        "userDefined": true
      },
      {
        "text": " mean?",
        "userDefined": false
      }
    ],
    "isTemplate": false,
    "count": 0,
    "updated": 0
  },
  {
    "id": "5c2623a7-39e4-46ee-9e0b-5bd6e27042bf",
    "data": [
      {
        "text": "G",
        "alias": "BuildingCode",
        "meta": "@BuildingCode",
        "userDefined": true
      },
      {
        "text": "?",
        "userDefined": false
      }
    ],
    "isTemplate": false,
    "count": 0,
    "updated": 0
  }
]