[
  {
    "id": "ed59fe6e-dfa8-4716-a256-12ef83d89679",
    "data": [
      {
        "text": "What does ",
        "userDefined": false
      },
      {
        "text": "GA",
        "alias": "BuildingCode",
        "meta": "@BuildingCode",
        "userDefined": false
      },
      {
        "text": " mean on the campus map",
        "userDefined": false
      }
    ],
    "isTemplate": false,
    "count": 0,
    "updated": 0
  },
  {
    "id": "0a976a26-78bc-461f-bbf7-3745b03b3839",
    "data": [
      {
        "text": "What does ",
        "userDefined": false
      },
      {
        "text": "GA",
        "alias": "BuildingCode",
        "meta": "@BuildingCode",
        "userDefined": false
      },
      {
        "text": " mean",
        "userDefined": false
      }
    ],
    "isTemplate": false,
    "count": 0,
    "updated": 0
  },
  {
    "id": "233479de-0e25-4f7e-aa59-2a258ff16d4b",
    "data": [
      {
        "text": "What is ",
        "userDefined": false
      },
      {
        "text": "GA",
        "alias": "BuildingCode",
        "meta": "@BuildingCode",
        "userDefined": false
      }
    ],
    "isTemplate": false,
    "count": 0,
    "updated": 0
  },
  {
    "id": "acf5eeb2-ab57-488c-8d88-a2a7337dd980",
    "data": [
      {
        "text": "GA",
        "userDefined": false
      }
    ],
    "isTemplate": false,
    "count": 0,
    "updated": 0
  },
  {
    "id": "e40b91fe-e29d-43bb-bbef-3bc7837ef8aa",
    "data": [
      {
        "text": "What does GA mean on the campus map?",
        "userDefined": false
      }
    ],
    "isTemplate": false,
    "count": 0,
    "updated": 0
  },
  {
    "id": "6b5f2beb-4215-437c-805a-28437738e0a3",
    "data": [
      {
        "text": "What is ",
        "userDefined": false
      },
      {
        "text": "GA",
        "alias": "BuildingCode",
        "meta": "@BuildingCode",
        "userDefined": false
      },
      {
        "text": "?",
        "userDefined": false
      }
    ],
    "isTemplate": false,
    "count": 0,
    "updated": 0
  },
  {
    "id": "cbbd6009-91af-4fe2-9de1-8ee826b4c5be",
    "data": [
      {
        "text": "GA",
        "alias": "BuildingCode",
        "meta": "@BuildingCode",
        "userDefined": true
      },
      {
        "text": "?",
        "userDefined": false
      }
    ],
    "isTemplate": false,
    "count": 0,
    "updated": 0
  },
  {
    "id": "3144c4a7-cc3c-4dd2-ae47-44b67e72b881",
    "data": [
      {
        "text": "What does ",
        "userDefined": false
      },
      {
        "text": "GA",
        "alias": "BuildingCode",
        "meta": "@BuildingCode",
        "userDefined": true
      },
      {
        "text": " mean?",
        "userDefined": false
      }
    ],
    "isTemplate": false,
    "count": 0,
    "updated": 0
  }
]