[
  {
    "id": "6207ef40-4c57-465e-9741-ef829b42ebc9",
    "data": [
      {
        "text": "H",
        "userDefined": false
      }
    ],
    "isTemplate": false,
    "count": 0,
    "updated": 0
  },
  {
    "id": "4f100478-1734-44e8-baa5-74e8328a5d81",
    "data": [
      {
        "text": "What does H mean on the campus map",
        "userDefined": false
      }
    ],
    "isTemplate": false,
    "count": 0,
    "updated": 0
  },
  {
    "id": "e9088d66-2d5a-4d14-b62c-cdb015782638",
    "data": [
      {
        "text": "What is H",
        "userDefined": false
      }
    ],
    "isTemplate": false,
    "count": 0,
    "updated": 0
  },
  {
    "id": "c15cbe18-f7b2-4f36-8e46-8585667973dd",
    "data": [
      {
        "text": "What does H mean",
        "userDefined": false
      }
    ],
    "isTemplate": false,
    "count": 0,
    "updated": 0
  },
  {
    "id": "95c36af6-acea-44cf-9994-c56a089a4398",
    "data": [
      {
        "text": "What is H?",
        "userDefined": false
      }
    ],
    "isTemplate": false,
    "count": 0,
    "updated": 0
  },
  {
    "id": "3ac597e8-bd4e-4869-aa23-9219010263e4",
    "data": [
      {
        "text": "What does H mean on the campus map?",
        "userDefined": false
      }
    ],
    "isTemplate": false,
    "count": 0,
    "updated": 0
  },
  {
    "id": "a204a8d7-b5d3-427d-895d-89879cb26328",
    "data": [
      {
        "text": "H?",
        "userDefined": false
      }
    ],
    "isTemplate": false,
    "count": 0,
    "updated": 0
  },
  {
    "id": "e3b212fb-9ace-423d-bec5-b2d676a530da",
    "data": [
      {
        "text": "What does H mean?",
        "userDefined": false
      }
    ],
    "isTemplate": false,
    "count": 0,
    "updated": 0
  }
]