[
  {
    "id": "6ad31a1f-1796-41fe-a3f1-95601b4f22d6",
    "data": [
      {
        "text": "What should I say",
        "userDefined": false
      }
    ],
    "isTemplate": false,
    "count": 0,
    "updated": 0
  },
  {
    "id": "441ada51-7e36-4217-ba15-d733ade4e6e1",
    "data": [
      {
        "text": "How do I use this",
        "userDefined": false
      }
    ],
    "isTemplate": false,
    "count": 0,
    "updated": 0
  },
  {
    "id": "b2abee31-d286-4f39-b202-8f15c9fec101",
    "data": [
      {
        "text": "How does it work",
        "userDefined": false
      }
    ],
    "isTemplate": false,
    "count": 0,
    "updated": 0
  }
]