[
  {
    "id": "175ebc3d-0786-4211-86c0-293fb9a5c6d0",
    "data": [
      {
        "text": "How does this work?",
        "userDefined": false
      }
    ],
    "isTemplate": false,
    "count": 0,
    "updated": 0
  },
  {
    "id": "43b71a92-a3a2-4360-b938-e71bb8fc3e6d",
    "data": [
      {
        "text": "What do i do to use this",
        "userDefined": false
      }
    ],
    "isTemplate": false,
    "count": 0,
    "updated": 0
  },
  {
    "id": "747a6ad1-675b-4d42-906c-eef9eca7400f",
    "data": [
      {
        "text": "Who are you",
        "userDefined": false
      }
    ],
    "isTemplate": false,
    "count": 0,
    "updated": 0
  },
  {
    "id": "0fa4d387-ca4c-4555-8b66-a6ae614950cf",
    "data": [
      {
        "text": "What is this",
        "userDefined": false
      }
    ],
    "isTemplate": false,
    "count": 0,
    "updated": 0
  },
  {
    "id": "7030ec95-b893-4551-b132-71894737f63d",
    "data": [
      {
        "text": "what can you help me with",
        "userDefined": false
      }
    ],
    "isTemplate": false,
    "count": 0,
    "updated": 0
  },
  {
    "id": "6817b507-bbb1-40b1-8409-31a5180cd538",
    "data": [
      {
        "text": "How do I use this",
        "userDefined": false
      }
    ],
    "isTemplate": false,
    "count": 0,
    "updated": 0
  },
  {
    "id": "dc99bd73-b411-4dcd-8720-1b064718ffc7",
    "data": [
      {
        "text": "I haven\u0027t used this before",
        "userDefined": false
      }
    ],
    "isTemplate": false,
    "count": 0,
    "updated": 0
  },
  {
    "id": "a514519c-0201-4c37-8fbb-a0c85a4566e7",
    "data": [
      {
        "text": "Help",
        "userDefined": false
      }
    ],
    "isTemplate": false,
    "count": 0,
    "updated": 0
  }
]