[
  {
    "id": "d3023758-6288-49b1-828f-7d267998d8bf",
    "data": [
      {
        "text": "What does J mean on the campus map",
        "userDefined": false
      }
    ],
    "isTemplate": false,
    "count": 0,
    "updated": 0
  },
  {
    "id": "e1aeb392-aed8-423c-893e-9cf2d3efe74f",
    "data": [
      {
        "text": "What is J",
        "userDefined": false
      }
    ],
    "isTemplate": false,
    "count": 0,
    "updated": 0
  },
  {
    "id": "76b1a00a-2e40-4f38-9f9b-00f0d4f5ed42",
    "data": [
      {
        "text": "What does J mean",
        "userDefined": false
      }
    ],
    "isTemplate": false,
    "count": 0,
    "updated": 0
  },
  {
    "id": "977a0248-d8de-4444-ab90-59335d0cda7c",
    "data": [
      {
        "text": "J",
        "userDefined": false
      }
    ],
    "isTemplate": false,
    "count": 0,
    "updated": 0
  },
  {
    "id": "b211a770-f1d0-4619-aafb-e2a0cdc67933",
    "data": [
      {
        "text": "What does J mean on the campus map?",
        "userDefined": false
      }
    ],
    "isTemplate": false,
    "count": 0,
    "updated": 0
  },
  {
    "id": "51ab2084-0032-4eb0-9a38-4d92b61e1bd2",
    "data": [
      {
        "text": "What is J?",
        "userDefined": false
      }
    ],
    "isTemplate": false,
    "count": 0,
    "updated": 0
  },
  {
    "id": "cc1a090f-a8fe-4ece-b8a3-ea092249ada2",
    "data": [
      {
        "text": "What does J mean?",
        "userDefined": false
      }
    ],
    "isTemplate": false,
    "count": 0,
    "updated": 0
  },
  {
    "id": "e1b91b8d-50ce-4805-9bfc-53eaf3620bd2",
    "data": [
      {
        "text": "J?",
        "userDefined": false
      }
    ],
    "isTemplate": false,
    "count": 0,
    "updated": 0
  }
]