[
  {
    "id": "dd53f536-e7b6-4e92-88e7-75806051621a",
    "data": [
      {
        "text": "what is ",
        "userDefined": false
      },
      {
        "text": "KA",
        "alias": "BuildingCode",
        "meta": "@BuildingCode",
        "userDefined": false
      }
    ],
    "isTemplate": false,
    "count": 0,
    "updated": 0
  },
  {
    "id": "bc7e938c-3528-4f9a-b3a2-b9cbbf23ccbc",
    "data": [
      {
        "text": "what does ",
        "userDefined": false
      },
      {
        "text": "KA",
        "alias": "BuildingCode",
        "meta": "@BuildingCode",
        "userDefined": false
      },
      {
        "text": " mean",
        "userDefined": false
      }
    ],
    "isTemplate": false,
    "count": 0,
    "updated": 0
  },
  {
    "id": "725a6adf-b573-4570-a66d-87f41e57809d",
    "data": [
      {
        "text": "What does ",
        "userDefined": false
      },
      {
        "text": "KA",
        "alias": "BuildingCode",
        "meta": "@BuildingCode",
        "userDefined": false
      },
      {
        "text": " on the campus map mean",
        "userDefined": false
      }
    ],
    "isTemplate": false,
    "count": 0,
    "updated": 0
  },
  {
    "id": "3fa28b6b-33f1-44be-a409-d07aea99402d",
    "data": [
      {
        "text": "KA",
        "alias": "BuildingCode",
        "meta": "@BuildingCode",
        "userDefined": false
      }
    ],
    "isTemplate": false,
    "count": 0,
    "updated": 0
  },
  {
    "id": "32637e10-526a-46de-824b-b5f75a1e062a",
    "data": [
      {
        "text": "what does KA mean?",
        "userDefined": false
      }
    ],
    "isTemplate": false,
    "count": 0,
    "updated": 0
  },
  {
    "id": "e6047294-c5f0-464c-a57f-bfc873b9befc",
    "data": [
      {
        "text": "what is ",
        "userDefined": false
      },
      {
        "text": "KA",
        "alias": "BuildingCode",
        "meta": "@BuildingCode",
        "userDefined": true
      },
      {
        "text": "?",
        "userDefined": false
      }
    ],
    "isTemplate": false,
    "count": 0,
    "updated": 0
  },
  {
    "id": "0886a98e-f04b-4488-bc61-cefd100a327a",
    "data": [
      {
        "text": "KA",
        "alias": "BuildingCode",
        "meta": "@BuildingCode",
        "userDefined": true
      },
      {
        "text": "?",
        "userDefined": false
      }
    ],
    "isTemplate": false,
    "count": 0,
    "updated": 0
  },
  {
    "id": "2dd02000-6e64-4772-96b1-27e2b3528b98",
    "data": [
      {
        "text": "What does ",
        "userDefined": false
      },
      {
        "text": "KA",
        "alias": "BuildingCode",
        "meta": "@BuildingCode",
        "userDefined": true
      },
      {
        "text": " on the campus map mean?",
        "userDefined": false
      }
    ],
    "isTemplate": false,
    "count": 0,
    "updated": 0
  }
]