[
  {
    "id": "a2b7512e-b57b-481b-9f19-436793cd4a09",
    "data": [
      {
        "text": "What is L",
        "userDefined": false
      }
    ],
    "isTemplate": false,
    "count": 0,
    "updated": 0
  },
  {
    "id": "faeaf31c-ac54-4948-9ba6-5a6ac12a93e0",
    "data": [
      {
        "text": "L",
        "userDefined": false
      }
    ],
    "isTemplate": false,
    "count": 0,
    "updated": 0
  },
  {
    "id": "ff5707ec-e036-4826-b825-8cdba672bbd2",
    "data": [
      {
        "text": "What does L mean",
        "userDefined": false
      }
    ],
    "isTemplate": false,
    "count": 0,
    "updated": 0
  },
  {
    "id": "34ebfe65-0f56-447b-8b40-16d31a9a871c",
    "data": [
      {
        "text": "What does L mean on the campus map",
        "userDefined": false
      }
    ],
    "isTemplate": false,
    "count": 0,
    "updated": 0
  },
  {
    "id": "241ccec0-ac71-4345-ba8a-7e2b30e27b2e",
    "data": [
      {
        "text": "What is L?",
        "userDefined": false
      }
    ],
    "isTemplate": false,
    "count": 0,
    "updated": 0
  },
  {
    "id": "a066ad6c-4ecf-41a0-9623-624227414f32",
    "data": [
      {
        "text": "L?",
        "userDefined": false
      }
    ],
    "isTemplate": false,
    "count": 0,
    "updated": 0
  },
  {
    "id": "a3b79a0d-ec7e-4ff3-a629-5983f64a920b",
    "data": [
      {
        "text": "What does L mean?",
        "userDefined": false
      }
    ],
    "isTemplate": false,
    "count": 0,
    "updated": 0
  },
  {
    "id": "62bbaabf-fe9f-4f50-9089-8d012fc032cb",
    "data": [
      {
        "text": "What does L mean on the campus map?",
        "userDefined": false
      }
    ],
    "isTemplate": false,
    "count": 0,
    "updated": 0
  }
]