[
  {
    "id": "25ba5614-2fc1-40b3-9626-91faa49d37ec",
    "data": [
      {
        "text": "What is M",
        "userDefined": false
      }
    ],
    "isTemplate": false,
    "count": 0,
    "updated": 0
  },
  {
    "id": "9557d0ed-8be8-49b6-b90c-ae36b6e645d2",
    "data": [
      {
        "text": "M",
        "userDefined": false
      }
    ],
    "isTemplate": false,
    "count": 0,
    "updated": 0
  },
  {
    "id": "5947dc0f-51ba-4c05-bb8b-546ced1fa31d",
    "data": [
      {
        "text": "What does M mean on the Campus map",
        "userDefined": false
      }
    ],
    "isTemplate": false,
    "count": 0,
    "updated": 0
  },
  {
    "id": "31004ccf-52de-457e-a784-618045996f28",
    "data": [
      {
        "text": "What does M mean",
        "userDefined": false
      }
    ],
    "isTemplate": false,
    "count": 0,
    "updated": 0
  },
  {
    "id": "0168511b-8aee-486e-9376-ac185c8e6248",
    "data": [
      {
        "text": "What is M?",
        "userDefined": false
      }
    ],
    "isTemplate": false,
    "count": 0,
    "updated": 0
  },
  {
    "id": "50c265ae-bd10-4d9b-bd02-e4a9ffa84714",
    "data": [
      {
        "text": "M?",
        "userDefined": false
      }
    ],
    "isTemplate": false,
    "count": 0,
    "updated": 0
  },
  {
    "id": "653cf488-188d-49ff-8305-52c5d7351772",
    "data": [
      {
        "text": "What does M mean on the Campus map?",
        "userDefined": false
      }
    ],
    "isTemplate": false,
    "count": 0,
    "updated": 0
  },
  {
    "id": "75581de6-1aeb-40aa-a26a-e1550b4f374a",
    "data": [
      {
        "text": "What does M mean?",
        "userDefined": false
      }
    ],
    "isTemplate": false,
    "count": 0,
    "updated": 0
  }
]