[
  {
    "id": "921f7ff2-e888-4171-a14b-02c3655349bf",
    "data": [
      {
        "text": "What is N",
        "userDefined": false
      }
    ],
    "isTemplate": false,
    "count": 0,
    "updated": 0
  },
  {
    "id": "da8d1241-d6da-433a-b241-f6e32fbfa4d0",
    "data": [
      {
        "text": "What does N on the campus map mean",
        "userDefined": false
      }
    ],
    "isTemplate": false,
    "count": 0,
    "updated": 0
  },
  {
    "id": "2aad9342-8a1c-4806-9cdc-3b6e533e7ee1",
    "data": [
      {
        "text": "N",
        "userDefined": false
      }
    ],
    "isTemplate": false,
    "count": 0,
    "updated": 0
  },
  {
    "id": "f714500f-586c-48d8-a14b-839456c7e65c",
    "data": [
      {
        "text": "What does N mean",
        "userDefined": false
      }
    ],
    "isTemplate": false,
    "count": 0,
    "updated": 0
  },
  {
    "id": "8ba9d839-6836-4fda-9671-eb797e445fe9",
    "data": [
      {
        "text": "What is N?",
        "userDefined": false
      }
    ],
    "isTemplate": false,
    "count": 0,
    "updated": 0
  },
  {
    "id": "4141e320-b027-4392-85ff-9bb2289ba69e",
    "data": [
      {
        "text": "What does N on the campus map mean?",
        "userDefined": false
      }
    ],
    "isTemplate": false,
    "count": 0,
    "updated": 0
  },
  {
    "id": "f06c759f-d87d-4f31-ac14-c0dceb5a3152",
    "data": [
      {
        "text": "N?",
        "userDefined": false
      }
    ],
    "isTemplate": false,
    "count": 0,
    "updated": 0
  },
  {
    "id": "73775b5b-006b-47ce-93f4-c5483646ee02",
    "data": [
      {
        "text": "What does N mean?",
        "userDefined": false
      }
    ],
    "isTemplate": false,
    "count": 0,
    "updated": 0
  }
]