[
  {
    "id": "60e9b630-8264-49ef-a907-ee8dec2fdce0",
    "data": [
      {
        "text": "What does P mean on the campus map?",
        "userDefined": false
      }
    ],
    "isTemplate": false,
    "count": 0,
    "updated": 0
  },
  {
    "id": "77a141e8-2e7d-45bf-8ee6-2bc26f0e14b1",
    "data": [
      {
        "text": "What does P mean",
        "userDefined": false
      }
    ],
    "isTemplate": false,
    "count": 0,
    "updated": 0
  },
  {
    "id": "0326bd0f-b4a1-4f84-ae6b-efca5ba10346",
    "data": [
      {
        "text": "What is P",
        "userDefined": false
      }
    ],
    "isTemplate": false,
    "count": 0,
    "updated": 0
  },
  {
    "id": "efa689db-a77c-4e54-9bef-634d10d9792b",
    "data": [
      {
        "text": "What is P?",
        "userDefined": false
      }
    ],
    "isTemplate": false,
    "count": 0,
    "updated": 0
  },
  {
    "id": "9154fae0-61bf-4cdc-9f27-9f383a330390",
    "data": [
      {
        "text": "P",
        "userDefined": false
      }
    ],
    "isTemplate": false,
    "count": 0,
    "updated": 0
  },
  {
    "id": "d7245eef-999f-47bf-adf9-3997fa725fc3",
    "data": [
      {
        "text": "What does P mean on the campus mapm",
        "userDefined": false
      }
    ],
    "isTemplate": false,
    "count": 0,
    "updated": 0
  },
  {
    "id": "76c96cb5-9265-4d80-9a5a-067d5c432bd9",
    "data": [
      {
        "text": "What does P mean?",
        "userDefined": false
      }
    ],
    "isTemplate": false,
    "count": 0,
    "updated": 0
  },
  {
    "id": "69f8f8e1-24aa-440d-a511-f01294f7bee2",
    "data": [
      {
        "text": "P?",
        "userDefined": false
      }
    ],
    "isTemplate": false,
    "count": 0,
    "updated": 0
  }
]