[
  {
    "id": "d5e84b84-3075-4f77-9f71-0312c050227f",
    "data": [
      {
        "text": "What is ",
        "userDefined": false
      },
      {
        "text": "PR",
        "alias": "BuildingCode",
        "meta": "@BuildingCode",
        "userDefined": false
      }
    ],
    "isTemplate": false,
    "count": 0,
    "updated": 0
  },
  {
    "id": "21915e16-bdfa-4ded-b683-5470739ddf53",
    "data": [
      {
        "text": "What does ",
        "userDefined": false
      },
      {
        "text": "PR",
        "alias": "BuildingCode",
        "meta": "@BuildingCode",
        "userDefined": false
      },
      {
        "text": " mean on the campus map",
        "userDefined": false
      }
    ],
    "isTemplate": false,
    "count": 0,
    "updated": 0
  },
  {
    "id": "2ae2c3e2-625e-4762-b77b-545a8164f098",
    "data": [
      {
        "text": "What does ",
        "userDefined": false
      },
      {
        "text": "PR",
        "alias": "BuildingCode",
        "meta": "@BuildingCode",
        "userDefined": false
      },
      {
        "text": " mean",
        "userDefined": false
      }
    ],
    "isTemplate": false,
    "count": 0,
    "updated": 0
  },
  {
    "id": "03741900-0fa6-4a30-b589-0ae5505f041a",
    "data": [
      {
        "text": "What is ",
        "userDefined": false
      },
      {
        "text": "PR",
        "meta": "@sys.ignore",
        "userDefined": true
      },
      {
        "text": "?",
        "userDefined": false
      }
    ],
    "isTemplate": false,
    "count": 0,
    "updated": 0
  },
  {
    "id": "670ac44f-ff12-4fce-95b1-07690c41bb3b",
    "data": [
      {
        "text": "PR",
        "alias": "BuildingCode",
        "meta": "@BuildingCode",
        "userDefined": true
      }
    ],
    "isTemplate": false,
    "count": 0,
    "updated": 0
  },
  {
    "id": "77e5b932-4258-4984-a324-c5fbd3cf5b31",
    "data": [
      {
        "text": "What does ",
        "userDefined": false
      },
      {
        "text": "PR",
        "alias": "BuildingCode",
        "meta": "@BuildingCode",
        "userDefined": true
      },
      {
        "text": " mean on the campus map?",
        "userDefined": false
      }
    ],
    "isTemplate": false,
    "count": 1,
    "updated": 0
  },
  {
    "id": "e1115144-eb27-4264-a847-b9cf96a1a053",
    "data": [
      {
        "text": "PR?",
        "userDefined": false
      }
    ],
    "isTemplate": false,
    "count": 0,
    "updated": 0
  },
  {
    "id": "118486ee-f08c-4a27-8cf2-fca9bf42392b",
    "data": [
      {
        "text": "What does ",
        "userDefined": false
      },
      {
        "text": "PR",
        "alias": "BuildingCode",
        "meta": "@BuildingCode",
        "userDefined": false
      },
      {
        "text": " mean?",
        "userDefined": false
      }
    ],
    "isTemplate": false,
    "count": 0,
    "updated": 0
  }
]