[
  {
    "id": "f56f6e6e-a323-452c-aa2d-33aeff3d4abf",
    "data": [
      {
        "text": "What does Q mean on the campus map",
        "userDefined": false
      }
    ],
    "isTemplate": false,
    "count": 0,
    "updated": 0
  },
  {
    "id": "6da55136-9eb3-475c-a240-f40cf66086ed",
    "data": [
      {
        "text": "What is Q",
        "userDefined": false
      }
    ],
    "isTemplate": false,
    "count": 0,
    "updated": 0
  },
  {
    "id": "143360a4-a7b1-4314-958f-66e0e32cfaf5",
    "data": [
      {
        "text": "What does Q mean",
        "userDefined": false
      }
    ],
    "isTemplate": false,
    "count": 0,
    "updated": 0
  },
  {
    "id": "2268c414-e010-4bd5-935e-b3a3452e3a25",
    "data": [
      {
        "text": "What is ",
        "userDefined": false
      },
      {
        "text": "Q",
        "alias": "BuildingCode",
        "meta": "@BuildingCode",
        "userDefined": true
      },
      {
        "text": "?",
        "userDefined": false
      }
    ],
    "isTemplate": false,
    "count": 0,
    "updated": 0
  },
  {
    "id": "fddfbfc2-6879-40c6-86e9-64ce75cfca25",
    "data": [
      {
        "text": "Q",
        "userDefined": false
      }
    ],
    "isTemplate": false,
    "count": 0,
    "updated": 0
  },
  {
    "id": "7e4cdc78-ad54-4c1d-bb05-7f9674a92ab1",
    "data": [
      {
        "text": "What does Q mean on the campus map?",
        "userDefined": false
      }
    ],
    "isTemplate": false,
    "count": 0,
    "updated": 0
  },
  {
    "id": "5675e8aa-dc47-4f52-bb53-32621bc02c35",
    "data": [
      {
        "text": "Q?",
        "userDefined": false
      }
    ],
    "isTemplate": false,
    "count": 0,
    "updated": 0
  },
  {
    "id": "aaa1bb9a-2c73-4bf9-b531-94028057631e",
    "data": [
      {
        "text": "What does Q mean?",
        "userDefined": false
      }
    ],
    "isTemplate": false,
    "count": 0,
    "updated": 0
  }
]