[
  {
    "id": "a26b80d7-9f1f-4130-98bc-4d3574a28607",
    "data": [
      {
        "text": "QA",
        "alias": "BuildingCode",
        "meta": "@BuildingCode",
        "userDefined": false
      },
      {
        "text": "?",
        "userDefined": false
      }
    ],
    "isTemplate": false,
    "count": 0,
    "updated": 0
  },
  {
    "id": "8a677df1-07a0-4c89-bcd5-b8a981019a4b",
    "data": [
      {
        "text": "What does ",
        "userDefined": false
      },
      {
        "text": "QA",
        "alias": "BuildingCode",
        "meta": "@BuildingCode",
        "userDefined": false
      },
      {
        "text": " mean on the campus map",
        "userDefined": false
      }
    ],
    "isTemplate": false,
    "count": 0,
    "updated": 0
  },
  {
    "id": "1cadb177-ca2d-4992-8019-1b1c10d89c87",
    "data": [
      {
        "text": "What is ",
        "userDefined": false
      },
      {
        "text": "QA",
        "alias": "BuildingCode",
        "meta": "@BuildingCode",
        "userDefined": false
      }
    ],
    "isTemplate": false,
    "count": 0,
    "updated": 0
  },
  {
    "id": "148313d7-a95b-4197-9314-fd3b8553f23e",
    "data": [
      {
        "text": "What does ",
        "userDefined": false
      },
      {
        "text": "QA",
        "alias": "BuildingCode",
        "meta": "@BuildingCode",
        "userDefined": false
      },
      {
        "text": " mean",
        "userDefined": false
      }
    ],
    "isTemplate": false,
    "count": 0,
    "updated": 0
  },
  {
    "id": "ff7a7cc0-63b3-4c57-a6a4-e1d477871be4",
    "data": [
      {
        "text": "What is ",
        "userDefined": false
      },
      {
        "text": "QA?",
        "alias": "BuildingCode",
        "meta": "@BuildingCode",
        "userDefined": true
      }
    ],
    "isTemplate": false,
    "count": 0,
    "updated": 0
  },
  {
    "id": "e8cce9a8-fb7e-448d-88e9-5d0a29125bf5",
    "data": [
      {
        "text": "What does ",
        "userDefined": false
      },
      {
        "text": "QA",
        "alias": "BuildingCode",
        "meta": "@BuildingCode",
        "userDefined": true
      },
      {
        "text": " mean on the campus map?",
        "userDefined": false
      }
    ],
    "isTemplate": false,
    "count": 0,
    "updated": 0
  },
  {
    "id": "e4fea2a6-47cd-403b-b38b-14c679868f7f",
    "data": [
      {
        "text": "QA",
        "alias": "BuildingCode",
        "meta": "@BuildingCode",
        "userDefined": false
      }
    ],
    "isTemplate": false,
    "count": 0,
    "updated": 0
  },
  {
    "id": "031bb6c5-8754-4978-ad9e-13db58a57821",
    "data": [
      {
        "text": "What does ",
        "userDefined": false
      },
      {
        "text": "QA",
        "alias": "BuildingCode",
        "meta": "@BuildingCode",
        "userDefined": false
      },
      {
        "text": " mean?",
        "userDefined": false
      }
    ],
    "isTemplate": false,
    "count": 0,
    "updated": 0
  }
]