[
  {
    "id": "def39f87-23d2-4532-9ee5-9e8edae8a431",
    "data": [
      {
        "text": "R",
        "userDefined": false
      }
    ],
    "isTemplate": false,
    "count": 0,
    "updated": 0
  },
  {
    "id": "1bdbf20c-96d9-4d44-9f39-03b5bd472722",
    "data": [
      {
        "text": "What does R mean",
        "userDefined": false
      }
    ],
    "isTemplate": false,
    "count": 0,
    "updated": 0
  },
  {
    "id": "2e020e29-70f4-4fa6-a851-2b021f3a4dad",
    "data": [
      {
        "text": "What is R",
        "userDefined": false
      }
    ],
    "isTemplate": false,
    "count": 0,
    "updated": 0
  },
  {
    "id": "9d7684aa-70fa-4a5b-abd9-f8922c36f2cd",
    "data": [
      {
        "text": "What does R mean on the campus map",
        "userDefined": false
      }
    ],
    "isTemplate": false,
    "count": 0,
    "updated": 0
  },
  {
    "id": "6280648f-0883-4b25-a95a-9221d3ed8252",
    "data": [
      {
        "text": "What does R mean on the campus map?",
        "userDefined": false
      }
    ],
    "isTemplate": false,
    "count": 0,
    "updated": 0
  },
  {
    "id": "d43dd352-2bd1-41bc-a7b5-a321c2ae4cb8",
    "data": [
      {
        "text": "What is R?",
        "userDefined": false
      }
    ],
    "isTemplate": false,
    "count": 0,
    "updated": 0
  },
  {
    "id": "5658d470-ebf8-43df-98ac-8e3d0da9cefb",
    "data": [
      {
        "text": "What does R mean?",
        "userDefined": false
      }
    ],
    "isTemplate": false,
    "count": 0,
    "updated": 0
  },
  {
    "id": "5435f1b1-246a-4278-b171-c3c197d03917",
    "data": [
      {
        "text": "R?",
        "userDefined": false
      }
    ],
    "isTemplate": false,
    "count": 1,
    "updated": 0
  }
]