[
  {
    "id": "d71e7c4d-6f10-4c57-bb26-abf41a27826f",
    "data": [
      {
        "text": "What is S",
        "userDefined": false
      }
    ],
    "isTemplate": false,
    "count": 0,
    "updated": 0
  },
  {
    "id": "b10c742b-1d15-4ee6-9f4e-48b3e93a55fa",
    "data": [
      {
        "text": "What does S mean on the campus map",
        "userDefined": false
      }
    ],
    "isTemplate": false,
    "count": 0,
    "updated": 0
  },
  {
    "id": "266a04e0-bca9-46ae-bec1-93c5836fe1dd",
    "data": [
      {
        "text": "S",
        "userDefined": false
      }
    ],
    "isTemplate": false,
    "count": 0,
    "updated": 0
  },
  {
    "id": "29fa4f15-3418-4d6e-b46f-2489420fb7d6",
    "data": [
      {
        "text": "What does S mean",
        "userDefined": false
      }
    ],
    "isTemplate": false,
    "count": 0,
    "updated": 0
  },
  {
    "id": "61eff25d-a9a8-45ec-96f7-6c4ff80d0c22",
    "data": [
      {
        "text": "What is S?",
        "userDefined": false
      }
    ],
    "isTemplate": false,
    "count": 0,
    "updated": 0
  },
  {
    "id": "058113a6-c115-44ea-a2bf-31e493832e11",
    "data": [
      {
        "text": "What does S mean on the campus map?",
        "userDefined": false
      }
    ],
    "isTemplate": false,
    "count": 0,
    "updated": 0
  },
  {
    "id": "f64d7c8c-97e6-40ad-b168-094e22a6ddfb",
    "data": [
      {
        "text": "S?",
        "userDefined": false
      }
    ],
    "isTemplate": false,
    "count": 0,
    "updated": 0
  },
  {
    "id": "3c618485-4ae7-47ac-8faf-f4dd3289a6c1",
    "data": [
      {
        "text": "What does S mean?",
        "userDefined": false
      }
    ],
    "isTemplate": false,
    "count": 0,
    "updated": 0
  }
]