[
  {
    "id": "e42a02dc-d1b8-4115-8cd3-4a8b8f2a87b8",
    "data": [
      {
        "text": "What is T",
        "userDefined": false
      }
    ],
    "isTemplate": false,
    "count": 0,
    "updated": 0
  },
  {
    "id": "97494563-aedf-4882-8949-14eca6a80bbf",
    "data": [
      {
        "text": "What does T mean",
        "userDefined": false
      }
    ],
    "isTemplate": false,
    "count": 0,
    "updated": 0
  },
  {
    "id": "a4b7145f-e830-4e5e-9ae9-11f2de78ac47",
    "data": [
      {
        "text": "T",
        "userDefined": false
      }
    ],
    "isTemplate": false,
    "count": 0,
    "updated": 0
  },
  {
    "id": "2f74f853-b6ec-4411-8caf-7c33e4b86937",
    "data": [
      {
        "text": "What does T on the campus map mean",
        "userDefined": false
      }
    ],
    "isTemplate": false,
    "count": 0,
    "updated": 0
  },
  {
    "id": "e5b9eb54-bbeb-49a3-988e-cf58b50b09a2",
    "data": [
      {
        "text": "What is T?",
        "userDefined": false
      }
    ],
    "isTemplate": false,
    "count": 0,
    "updated": 0
  },
  {
    "id": "f24436a8-bb13-48ff-b263-6cb3bdffd493",
    "data": [
      {
        "text": "What does T mean?",
        "userDefined": false
      }
    ],
    "isTemplate": false,
    "count": 0,
    "updated": 0
  },
  {
    "id": "dcb147ae-9531-4d2c-85ad-5747daecb455",
    "data": [
      {
        "text": "T?",
        "userDefined": false
      }
    ],
    "isTemplate": false,
    "count": 0,
    "updated": 0
  },
  {
    "id": "1aed6944-ccda-4ea0-94b5-c270ea80bcd1",
    "data": [
      {
        "text": "What does T on the campus map mean?",
        "userDefined": false
      }
    ],
    "isTemplate": false,
    "count": 0,
    "updated": 0
  }
]