[
  {
    "id": "17bf7a5f-7aec-4ccb-b9d4-43dd190865e9",
    "data": [
      {
        "text": "What does U mean",
        "userDefined": false
      }
    ],
    "isTemplate": false,
    "count": 0,
    "updated": 0
  },
  {
    "id": "d2310c77-2ebb-4f85-ae8b-414287ec2148",
    "data": [
      {
        "text": "What does U mean?",
        "userDefined": false
      }
    ],
    "isTemplate": false,
    "count": 0,
    "updated": 0
  },
  {
    "id": "6240af48-4c45-449b-afcd-5ce18af9092b",
    "data": [
      {
        "text": "U",
        "userDefined": false
      }
    ],
    "isTemplate": false,
    "count": 0,
    "updated": 0
  },
  {
    "id": "a49c5155-368f-4506-b799-f99205a5ed15",
    "data": [
      {
        "text": "What is U",
        "userDefined": false
      }
    ],
    "isTemplate": false,
    "count": 0,
    "updated": 0
  },
  {
    "id": "3b483309-2317-4029-b0da-38f2886be7a6",
    "data": [
      {
        "text": "What is U?",
        "userDefined": false
      }
    ],
    "isTemplate": false,
    "count": 0,
    "updated": 0
  },
  {
    "id": "4d025d0a-3eb3-44c7-b0f3-9a083780beb8",
    "data": [
      {
        "text": "What does U mean on the campus map",
        "userDefined": false
      }
    ],
    "isTemplate": false,
    "count": 0,
    "updated": 0
  },
  {
    "id": "a18ab318-b7d6-46b6-8cb3-051b5d15361e",
    "data": [
      {
        "text": "U?",
        "userDefined": false
      }
    ],
    "isTemplate": false,
    "count": 0,
    "updated": 0
  },
  {
    "id": "6a653962-fe69-4df1-9430-2e12d47708ef",
    "data": [
      {
        "text": "What does U mean on the campus map?",
        "userDefined": false
      }
    ],
    "isTemplate": false,
    "count": 0,
    "updated": 0
  }
]