[
  {
    "id": "16fb2dc6-9f16-4d68-a779-3fbb77f999e9",
    "data": [
      {
        "text": "What does ",
        "userDefined": false
      },
      {
        "text": "V1",
        "alias": "BuildingCode",
        "meta": "@BuildingCode",
        "userDefined": false
      },
      {
        "text": " mean on the campus map?",
        "userDefined": false
      }
    ],
    "isTemplate": false,
    "count": 0,
    "updated": 0
  },
  {
    "id": "4fbd2f18-f756-43fe-8817-88b0558201f0",
    "data": [
      {
        "text": "What is ",
        "userDefined": false
      },
      {
        "text": "V1",
        "alias": "BuildingCode",
        "meta": "@BuildingCode",
        "userDefined": false
      },
      {
        "text": "?",
        "userDefined": false
      }
    ],
    "isTemplate": false,
    "count": 0,
    "updated": 0
  },
  {
    "id": "f55b9abf-4f3a-4909-b88e-23410dc136fe",
    "data": [
      {
        "text": "What does ",
        "userDefined": false
      },
      {
        "text": "V1",
        "alias": "BuildingCode",
        "meta": "@BuildingCode",
        "userDefined": false
      },
      {
        "text": " mean?",
        "userDefined": false
      }
    ],
    "isTemplate": false,
    "count": 0,
    "updated": 0
  },
  {
    "id": "2a44e9b7-5616-4d21-96bd-1017e166669a",
    "data": [
      {
        "text": "V1",
        "alias": "BuildingCode",
        "meta": "@BuildingCode",
        "userDefined": false
      },
      {
        "text": "?",
        "userDefined": false
      }
    ],
    "isTemplate": false,
    "count": 0,
    "updated": 0
  },
  {
    "id": "b3acebc2-cabb-4497-b5da-2c096d9fb051",
    "data": [
      {
        "text": "What does V1 mean",
        "userDefined": false
      }
    ],
    "isTemplate": false,
    "count": 0,
    "updated": 0
  },
  {
    "id": "0f63efce-dc29-4338-af30-942d2219ff7a",
    "data": [
      {
        "text": "What does ",
        "userDefined": false
      },
      {
        "text": "V1",
        "alias": "BuildingCode",
        "meta": "@BuildingCode",
        "userDefined": false
      },
      {
        "text": " mean on the campus map",
        "userDefined": false
      }
    ],
    "isTemplate": false,
    "count": 0,
    "updated": 0
  },
  {
    "id": "07d3a0b4-191e-4dc5-bc6a-2b55309adcc6",
    "data": [
      {
        "text": "what is ",
        "userDefined": false
      },
      {
        "text": "V1",
        "alias": "BuildingCode",
        "meta": "@BuildingCode",
        "userDefined": false
      }
    ],
    "isTemplate": false,
    "count": 0,
    "updated": 0
  },
  {
    "id": "ff7125c8-d10f-4dde-ab9e-97ae1b64a9e5",
    "data": [
      {
        "text": "V1",
        "userDefined": false
      }
    ],
    "isTemplate": false,
    "count": 0,
    "updated": 0
  }
]