[
  {
    "id": "ed83e8c4-a2d1-4416-ab82-327f89f69dac",
    "data": [
      {
        "text": "What is ",
        "userDefined": false
      },
      {
        "text": "VA",
        "alias": "BuildingCode",
        "meta": "@BuildingCode",
        "userDefined": false
      },
      {
        "text": "?",
        "userDefined": false
      }
    ],
    "isTemplate": false,
    "count": 0,
    "updated": 0
  },
  {
    "id": "aeddbd9c-1cff-47a6-aef6-fca1bfb30c29",
    "data": [
      {
        "text": "VA",
        "alias": "BuildingCode",
        "meta": "@BuildingCode",
        "userDefined": false
      },
      {
        "text": "?",
        "userDefined": false
      }
    ],
    "isTemplate": false,
    "count": 0,
    "updated": 0
  },
  {
    "id": "eaeef6eb-0d7a-4668-901c-58d53c76f532",
    "data": [
      {
        "text": "What does ",
        "userDefined": false
      },
      {
        "text": "VA",
        "alias": "BuildingCode",
        "meta": "@BuildingCode",
        "userDefined": false
      },
      {
        "text": " mean on the campus map?",
        "userDefined": false
      }
    ],
    "isTemplate": false,
    "count": 0,
    "updated": 0
  },
  {
    "id": "62e0f836-a3f1-4156-a831-b12b177f1b69",
    "data": [
      {
        "text": "What does ",
        "userDefined": false
      },
      {
        "text": "VA",
        "alias": "BuildingCode",
        "meta": "@BuildingCode",
        "userDefined": false
      },
      {
        "text": " mean?",
        "userDefined": false
      }
    ],
    "isTemplate": false,
    "count": 0,
    "updated": 0
  },
  {
    "id": "4f77db14-4e72-4fd1-b333-4f359964abac",
    "data": [
      {
        "text": "VA",
        "alias": "BuildingCode",
        "meta": "@BuildingCode",
        "userDefined": false
      }
    ],
    "isTemplate": false,
    "count": 0,
    "updated": 0
  },
  {
    "id": "f5bda82f-bf8f-4d19-b1e5-becc476a5422",
    "data": [
      {
        "text": "What is ",
        "userDefined": false
      },
      {
        "text": "VA",
        "alias": "BuildingCode",
        "meta": "@BuildingCode",
        "userDefined": false
      }
    ],
    "isTemplate": false,
    "count": 0,
    "updated": 0
  },
  {
    "id": "741d6422-7618-43c5-bdfb-1d5eecd752ea",
    "data": [
      {
        "text": "What does ",
        "userDefined": false
      },
      {
        "text": "VA",
        "alias": "BuildingCode",
        "meta": "@BuildingCode",
        "userDefined": true
      },
      {
        "text": " mean on the campus map",
        "userDefined": false
      }
    ],
    "isTemplate": false,
    "count": 0,
    "updated": 0
  },
  {
    "id": "1675be9e-6b5e-4dbc-9792-408d2b290478",
    "data": [
      {
        "text": "What does ",
        "userDefined": false
      },
      {
        "text": "VA",
        "alias": "BuildingCode",
        "meta": "@BuildingCode",
        "userDefined": false
      },
      {
        "text": " mean",
        "userDefined": false
      }
    ],
    "isTemplate": false,
    "count": 0,
    "updated": 0
  }
]