[
  {
    "id": "e521b243-2dad-4161-89bf-a64a97f117a5",
    "data": [
      {
        "text": "VB",
        "alias": "BuildingCode",
        "meta": "@BuildingCode",
        "userDefined": false
      },
      {
        "text": "?",
        "userDefined": false
      }
    ],
    "isTemplate": false,
    "count": 0,
    "updated": 0
  },
  {
    "id": "ca95a498-ade4-43de-86f8-9859f425226a",
    "data": [
      {
        "text": "What does ",
        "userDefined": false
      },
      {
        "text": "VB",
        "alias": "BuildingCode",
        "meta": "@BuildingCode",
        "userDefined": false
      },
      {
        "text": " mean?",
        "userDefined": false
      }
    ],
    "isTemplate": false,
    "count": 0,
    "updated": 0
  },
  {
    "id": "2a765e28-a857-414c-a9c7-323bf95d8a85",
    "data": [
      {
        "text": "What does ",
        "userDefined": false
      },
      {
        "text": "VB",
        "alias": "BuildingCode",
        "meta": "@BuildingCode",
        "userDefined": false
      },
      {
        "text": " mean on the campus map?",
        "userDefined": false
      }
    ],
    "isTemplate": false,
    "count": 0,
    "updated": 0
  },
  {
    "id": "16a3d2f1-7e73-4eb4-80b7-0ea0abab1610",
    "data": [
      {
        "text": "What is ",
        "userDefined": false
      },
      {
        "text": "VB",
        "alias": "BuildingCode",
        "meta": "@BuildingCode",
        "userDefined": false
      },
      {
        "text": "?",
        "userDefined": false
      }
    ],
    "isTemplate": false,
    "count": 0,
    "updated": 0
  },
  {
    "id": "48a6949a-b0bc-4d7b-a6d0-6ca84151e419",
    "data": [
      {
        "text": "What does ",
        "userDefined": false
      },
      {
        "text": "VB",
        "alias": "BuildingCode",
        "meta": "@BuildingCode",
        "userDefined": false
      },
      {
        "text": " mean",
        "userDefined": false
      }
    ],
    "isTemplate": false,
    "count": 0,
    "updated": 0
  },
  {
    "id": "04b72b05-6d97-40b4-bad6-74d4a59f8773",
    "data": [
      {
        "text": "VB",
        "alias": "BuildingCode",
        "meta": "@BuildingCode",
        "userDefined": false
      }
    ],
    "isTemplate": false,
    "count": 1,
    "updated": 0
  },
  {
    "id": "0eba4a48-354c-46ce-a1f6-fdf6c135e007",
    "data": [
      {
        "text": "what does ",
        "userDefined": false
      },
      {
        "text": "VB",
        "alias": "BuildingCode",
        "meta": "@BuildingCode",
        "userDefined": false
      },
      {
        "text": " mean on the campus map",
        "userDefined": false
      }
    ],
    "isTemplate": false,
    "count": 0,
    "updated": 0
  },
  {
    "id": "ebb57584-9050-4d13-9a28-24157c62843d",
    "data": [
      {
        "text": "What is ",
        "userDefined": false
      },
      {
        "text": "VB",
        "alias": "BuildingCode",
        "meta": "@BuildingCode",
        "userDefined": false
      }
    ],
    "isTemplate": false,
    "count": 0,
    "updated": 0
  }
]