[
  {
    "id": "7dc0640c-6dee-4e2c-ae61-7ee13640a563",
    "data": [
      {
        "text": "H",
        "alias": "BuildingCodes",
        "meta": "@BuildingCodes",
        "userDefined": true
      }
    ],
    "isTemplate": false,
    "count": 0,
    "updated": 0
  },
  {
    "id": "41c030a1-a9fc-4d5e-afc6-40d21fb76a74",
    "data": [
      {
        "text": "Whats ",
        "userDefined": false
      },
      {
        "text": "KA",
        "alias": "BuildingCodes",
        "meta": "@BuildingCodes",
        "userDefined": true
      }
    ],
    "isTemplate": false,
    "count": 0,
    "updated": 0
  },
  {
    "id": "b61fc463-6f58-4f05-a0f0-e1246f6f09fb",
    "data": [
      {
        "text": "What does ",
        "userDefined": false
      },
      {
        "text": "J",
        "alias": "BuildingCodes",
        "meta": "@BuildingCodes",
        "userDefined": true
      },
      {
        "text": " mean",
        "userDefined": false
      }
    ],
    "isTemplate": false,
    "count": 0,
    "updated": 0
  },
  {
    "id": "fcabbb23-0d12-43d2-9bfb-e3e95218d1fb",
    "data": [
      {
        "text": "Can you tell me what ",
        "userDefined": false
      },
      {
        "text": "GA",
        "alias": "BuildingCodes",
        "meta": "@BuildingCodes",
        "userDefined": true
      },
      {
        "text": " means",
        "userDefined": false
      }
    ],
    "isTemplate": false,
    "count": 0,
    "updated": 0
  },
  {
    "id": "88afe40f-8a56-420d-aa1b-1319df40ba95",
    "data": [
      {
        "text": "What does ",
        "userDefined": false
      },
      {
        "text": "H",
        "alias": "BuildingCodes",
        "meta": "@BuildingCodes",
        "userDefined": true
      },
      {
        "text": " mean on the campus map",
        "userDefined": false
      }
    ],
    "isTemplate": false,
    "count": 0,
    "updated": 0
  },
  {
    "id": "4bfc108f-fddf-4a1f-b5b6-71e5f76ea5dd",
    "data": [
      {
        "text": "What is ",
        "userDefined": false
      },
      {
        "text": "G",
        "alias": "BuildingCodes",
        "meta": "@BuildingCodes",
        "userDefined": true
      }
    ],
    "isTemplate": false,
    "count": 0,
    "updated": 0
  },
  {
    "id": "061b7ece-a182-4c08-8871-9d591423cf49",
    "data": [
      {
        "text": " ",
        "userDefined": false
      },
      {
        "text": "F",
        "alias": "BuildingCodes",
        "meta": "@BuildingCodes",
        "userDefined": true
      },
      {
        "text": " ?",
        "userDefined": false
      }
    ],
    "isTemplate": false,
    "count": 0,
    "updated": 0
  },
  {
    "id": "e7c69838-7e4f-431c-8682-d056bbeb60bb",
    "data": [
      {
        "text": "Whats ",
        "userDefined": false
      },
      {
        "text": "E",
        "alias": "BuildingCodes",
        "meta": "@BuildingCodes",
        "userDefined": true
      },
      {
        "text": "?",
        "userDefined": false
      }
    ],
    "isTemplate": false,
    "count": 0,
    "updated": 0
  },
  {
    "id": "b45a24c0-5fbc-47ac-a40e-aacbfcdab93d",
    "data": [
      {
        "text": "What does ",
        "userDefined": false
      },
      {
        "text": "D",
        "alias": "BuildingCodes",
        "meta": "@BuildingCodes",
        "userDefined": true
      },
      {
        "text": " mean on the campus map?",
        "userDefined": false
      }
    ],
    "isTemplate": false,
    "count": 0,
    "updated": 0
  },
  {
    "id": "b0bd152d-1241-4edd-ab0a-6cfc672bc301",
    "data": [
      {
        "text": "What is ",
        "userDefined": false
      },
      {
        "text": "C",
        "alias": "BuildingCodes",
        "meta": "@BuildingCodes",
        "userDefined": true
      },
      {
        "text": "?",
        "userDefined": false
      }
    ],
    "isTemplate": false,
    "count": 0,
    "updated": 0
  },
  {
    "id": "844434bf-8148-4c7a-b85f-8b3927a713e0",
    "data": [
      {
        "text": "What does ",
        "userDefined": false
      },
      {
        "text": "B",
        "alias": "BuildingCodes",
        "meta": "@BuildingCodes",
        "userDefined": true
      },
      {
        "text": " mean?",
        "userDefined": false
      }
    ],
    "isTemplate": false,
    "count": 0,
    "updated": 0
  },
  {
    "id": "f2ebd6ab-43e0-48ca-9a77-def9e2881eda",
    "data": [
      {
        "text": "Can you tell me what ",
        "userDefined": false
      },
      {
        "text": "A",
        "alias": "BuildingCodes",
        "meta": "@BuildingCodes",
        "userDefined": true
      },
      {
        "text": " is?",
        "userDefined": false
      }
    ],
    "isTemplate": false,
    "count": 0,
    "updated": 0
  }
]