[
  {
    "id": "67fb6418-78ca-4399-ba43-cab3d5ff640b",
    "data": [
      {
        "text": "the ",
        "userDefined": false
      },
      {
        "text": "helix",
        "alias": "Buildings",
        "meta": "@Buildings",
        "userDefined": false
      }
    ],
    "isTemplate": false,
    "count": 0,
    "updated": 0
  },
  {
    "id": "e537f3df-9890-425c-89cc-5081b2ce4401",
    "data": [
      {
        "text": "where is the ",
        "userDefined": false
      },
      {
        "text": "science building",
        "alias": "Buildings",
        "meta": "@Buildings",
        "userDefined": false
      }
    ],
    "isTemplate": false,
    "count": 0,
    "updated": 0
  },
  {
    "id": "4744a7b7-815f-4649-981f-cb6dfa621819",
    "data": [
      {
        "text": "Can you tell me where the ",
        "userDefined": false
      },
      {
        "text": "Henry Grattan",
        "alias": "Buildings",
        "meta": "@Buildings",
        "userDefined": true
      },
      {
        "text": " is",
        "userDefined": false
      }
    ],
    "isTemplate": false,
    "count": 0,
    "updated": 0
  },
  {
    "id": "2685f671-9430-4a8f-88e6-9f3c3656b6ed",
    "data": [
      {
        "text": "where is the ",
        "userDefined": false
      },
      {
        "text": "canteen",
        "alias": "Buildings",
        "meta": "@Buildings",
        "userDefined": false
      },
      {
        "text": "?",
        "userDefined": false
      }
    ],
    "isTemplate": false,
    "count": 0,
    "updated": 0
  },
  {
    "id": "ae39b0c3-5d96-4215-9f88-803a533b270d",
    "data": [
      {
        "text": "Where is the ",
        "userDefined": false
      },
      {
        "text": "library",
        "alias": "Buildings",
        "meta": "@Buildings",
        "userDefined": false
      }
    ],
    "isTemplate": false,
    "count": 0,
    "updated": 0
  },
  {
    "id": "e88e234d-6c85-46af-bdc9-8764f45d9e13",
    "data": [
      {
        "text": "The ",
        "userDefined": false
      },
      {
        "text": "science building",
        "alias": "Buildings",
        "meta": "@Buildings",
        "userDefined": false
      }
    ],
    "isTemplate": false,
    "count": 1,
    "updated": 0
  },
  {
    "id": "ab823422-9e03-47b0-828f-7d88354366f3",
    "data": [
      {
        "text": "The ",
        "userDefined": false
      },
      {
        "text": "library",
        "alias": "Buildings",
        "meta": "@Buildings",
        "userDefined": false
      }
    ],
    "isTemplate": false,
    "count": 0,
    "updated": 0
  }
]