[
  {
    "id": "f3808b1d-f704-4941-872e-06a2d809589c",
    "data": [
      {
        "text": "What can  you help me with?",
        "userDefined": false
      }
    ],
    "isTemplate": false,
    "count": 0,
    "updated": 0
  },
  {
    "id": "73765d87-0109-423c-a931-25b97d1b943d",
    "data": [
      {
        "text": "How do you use this?",
        "userDefined": false
      }
    ],
    "isTemplate": false,
    "count": 0,
    "updated": 0
  },
  {
    "id": "7828ff44-707c-453e-adbb-df508444d591",
    "data": [
      {
        "text": "I am unsure how to use this",
        "userDefined": false
      }
    ],
    "isTemplate": false,
    "count": 0,
    "updated": 0
  },
  {
    "id": "fd30f333-0054-4b5b-a545-d7a20c2b562e",
    "data": [
      {
        "text": "Help",
        "userDefined": false
      }
    ],
    "isTemplate": false,
    "count": 0,
    "updated": 0
  }
]