[
  {
    "id": "cc369b66-6fe7-4c9c-a073-7c650390e818",
    "data": [
      {
        "text": "a room",
        "userDefined": false
      }
    ],
    "isTemplate": false,
    "count": 0,
    "updated": 0
  },
  {
    "id": "5bee7ae3-a576-4ac5-bed5-f0f25195ec31",
    "data": [
      {
        "text": "room",
        "userDefined": false
      }
    ],
    "isTemplate": false,
    "count": 0,
    "updated": 0
  },
  {
    "id": "c1aed8d2-4ce9-4e74-a7a3-81d2b3d86bca",
    "data": [
      {
        "text": "A lecture room",
        "userDefined": false
      }
    ],
    "isTemplate": false,
    "count": 0,
    "updated": 0
  },
  {
    "id": "708bd23a-e5c0-46d2-975e-b58c6c550e6e",
    "data": [
      {
        "text": "Lecture room",
        "userDefined": false
      }
    ],
    "isTemplate": false,
    "count": 0,
    "updated": 0
  },
  {
    "id": "c9266113-cbfe-4710-a9b9-0650c0c0ca61",
    "data": [
      {
        "text": "Can you help me find a room?",
        "userDefined": false
      }
    ],
    "isTemplate": false,
    "count": 0,
    "updated": 0
  },
  {
    "id": "2a9d39d8-ae6f-461d-b277-f091562c2a20",
    "data": [
      {
        "text": "I am Looking for a Lecture Room",
        "userDefined": false
      }
    ],
    "isTemplate": false,
    "count": 0,
    "updated": 0
  }
]