[
  {
    "id": "2fecb718-4247-48cc-a1c9-54ac4c5068ef",
    "data": [
      {
        "text": "HG",
        "alias": "Floors",
        "meta": "@Floors",
        "userDefined": true
      },
      {
        "text": "05",
        "userDefined": false
      }
    ],
    "isTemplate": false,
    "count": 0,
    "updated": 0
  },
  {
    "id": "f8b14352-13ad-48e3-b4a7-61482dbb7707",
    "data": [
      {
        "text": "HG",
        "alias": "Floors",
        "meta": "@Floors",
        "userDefined": true
      }
    ],
    "isTemplate": false,
    "count": 0,
    "updated": 0
  }
]