[
  {
    "id": "ce627862-6e12-4817-8e13-f7806aad1868",
    "data": [
      {
        "text": "Directions",
        "alias": "KeyWords",
        "meta": "@KeyWords",
        "userDefined": true
      }
    ],
    "isTemplate": false,
    "count": 0,
    "updated": 0
  },
  {
    "id": "b5f404c2-bc90-47a8-a048-295ca53ac663",
    "data": [
      {
        "text": "I am looking for a ",
        "userDefined": false
      },
      {
        "text": "building",
        "alias": "KeyWords",
        "meta": "@KeyWords",
        "userDefined": true
      }
    ],
    "isTemplate": false,
    "count": 0,
    "updated": 0
  },
  {
    "id": "f7de685f-422e-46ba-afa4-beadbc8d05b8",
    "data": [
      {
        "text": "Can you help me with ",
        "userDefined": false
      },
      {
        "text": "directions",
        "alias": "KeyWords",
        "meta": "@KeyWords",
        "userDefined": true
      }
    ],
    "isTemplate": false,
    "count": 0,
    "updated": 0
  }
]