[
  {
    "id": "fc42d76a-ecad-48e8-a6bb-567b10d8df15",
    "data": [
      {
        "text": "Can you tell me where the ",
        "userDefined": false
      },
      {
        "text": "helix",
        "alias": "Buildings",
        "meta": "@Buildings",
        "userDefined": false
      },
      {
        "text": " is?",
        "userDefined": false
      }
    ],
    "isTemplate": false,
    "count": 0,
    "updated": 0
  },
  {
    "id": "b59a3591-a0b8-4d25-bfd4-5b350179f1ef",
    "data": [
      {
        "text": "Science",
        "alias": "Buildings",
        "meta": "@Buildings",
        "userDefined": true
      },
      {
        "text": " Building",
        "userDefined": false
      }
    ],
    "isTemplate": false,
    "count": 0,
    "updated": 0
  },
  {
    "id": "c7473f85-3ab6-4d66-aee6-2122e9ba6b45",
    "data": [
      {
        "text": "Where is the ",
        "userDefined": false
      },
      {
        "text": "Science",
        "alias": "Buildings",
        "meta": "@Buildings",
        "userDefined": false
      },
      {
        "text": "  Building?",
        "userDefined": false
      }
    ],
    "isTemplate": false,
    "count": 0,
    "updated": 0
  },
  {
    "id": "54f5196c-d8cc-4704-8ccc-a7d6c23d3a8b",
    "data": [
      {
        "text": "The ",
        "userDefined": false
      },
      {
        "text": "Helix",
        "alias": "Buildings",
        "meta": "@Buildings",
        "userDefined": true
      }
    ],
    "isTemplate": false,
    "count": 0,
    "updated": 0
  },
  {
    "id": "cf025117-14b1-4b6c-ad02-665829b79deb",
    "data": [
      {
        "text": "Henry Grattan",
        "alias": "Buildings",
        "meta": "@Buildings",
        "userDefined": true
      },
      {
        "text": " Building",
        "userDefined": false
      }
    ],
    "isTemplate": false,
    "count": 0,
    "updated": 0
  },
  {
    "id": "bbf383bc-d374-4d8a-b38b-90a42816dfae",
    "data": [
      {
        "text": "Library",
        "alias": "Buildings",
        "meta": "@Buildings",
        "userDefined": true
      }
    ],
    "isTemplate": false,
    "count": 0,
    "updated": 0
  },
  {
    "id": "7d4979fa-e017-4ded-8bad-549550d4bf6b",
    "data": [
      {
        "text": "Can you tell me where the ",
        "userDefined": false
      },
      {
        "text": "library",
        "alias": "Buildings",
        "meta": "@Buildings",
        "userDefined": false
      },
      {
        "text": " is?",
        "userDefined": false
      }
    ],
    "isTemplate": false,
    "count": 0,
    "updated": 0
  },
  {
    "id": "f421d757-5939-4f61-b592-8f13ccf867d3",
    "data": [
      {
        "text": "Where is the ",
        "userDefined": false
      },
      {
        "text": "Canteen",
        "alias": "Buildings",
        "meta": "@Buildings",
        "userDefined": false
      },
      {
        "text": "?",
        "userDefined": false
      }
    ],
    "isTemplate": false,
    "count": 0,
    "updated": 0
  }
]